"1","Red Fish Blue Fish","831","4.5","1006 Wharf Street, Victoria, BC","48.4243428","-123.3702708"
"2","Nubo Japanese Tapas","220","4.5","739 Pandora Avenue, Victoria, BC","48.42769149999999","-123.3634928"
"3","Blue Fox Cafe","529","4.5","919 Fort Street, Victoria, BC","48.42373449999999","-123.3587076"
"4","Fishhook","166","4.5","805 Fort Street, Victoria, BC","48.4241523","-123.3621483"
"5","Little Jumbo","125","4.5","506 Fort Street, Victoria, BC","48.4251415","-123.3692927"
"6","Blighty’s Bistro","28","4.5","2006 Oak Bay Avenue, Victoria, BC","48.4265957","-123.3223188"
"7","Jam Cafe","370","4.5","542 Herald Street, Victoria, BC","48.4303785","-123.3677163"
"8","Il Terrazzo","323","4.5","555 Johnson St, Victoria, BC","48.4276448","-123.3687261"
"9","John’s Place","272","4.5","723 Pandora Avenue, Victoria, BC","48.4277786","-123.3637625"
"10","OLO Restaurant","106","4.5","509 Fisgard Street, Victoria, BC","48.429253","-123.369151"
"11","Bodega","62","4.5","1210 Broad Street, Victoria, BC","48.4259598","-123.3667139"
"12","Stage","26","4.5","1307 Gladstone Avenue, Victoria, BC","48.4303865","-123.3449193"
"13","Hanks A Restaurant","71","4.5","1001 Douglas Street, Victoria, BC","48.4239809","-123.3652309"
"14","Chicken 649","7","4","2224 Quadra Street, Victoria, BC","48.43378509999999","-123.3584141"
"15","Brasserie L’ecole","119","4.5","1715 Government Street, Victoria, BC","48.4298381","-123.3667454"
"16","Part and Parcel","27","4.5","2656 Quadra Street, Victoria, BC","48.4390886","-123.3593377"
"17","10 Acres Bistro + Bar","296","4","611 Courtney Street, Victoria, BC","48.423293","-123.367614"
"18","Ithaka Greek Restaurant","80","4.5","1102 Yates Street, Victoria, BC","48.4252247","-123.3531922"
"19","The Tartan Toque","23","4","1507 Pandora Avenue, Victoria, BC","48.4265467","-123.3398273"
"20","Bao","34","4.5","626 Fisgard Street, Victoria, BC","48.42950039999999","-123.365947"
"21","Restaurante La Tortilla Mexicana","31","4.5","1205 Quadra Street, Victoria, BC","48.4249765","-123.3591973"
"22","Foo","110","4","769 Yates Street, Victoria, BC","48.4258","-123.362"
"23","Ox King Noodles","10","5","140-780 Fisgard Street, Victoria, BC","48.42973689999999","-123.362709"
"24","Ferris’ Upstairs Seafood & Oyster Bar","192","4","536A Yates Street, Victoria, BC","48.4270046","-123.3690453"
"25","Uchida Eatery / Shokudo","43","4.5","633 Courtney Street, Victoria, BC","48.4232406","-123.3664018"
"26","Frankie’s Modern Diner","88","4.5","910 Government Street, Victoria, BC","48.423894","-123.3684049"
"27","The Mint","81","4","1414 Douglas Street, Victoria, BC","48.4275619","-123.3648483"
"28","The Cozy Place Restaurant","46","4.5","1692 Douglas Street, Victoria, BC","48.429105","-123.3648659"
"29","Jones Bar B Que","21","4","1725 Cook Street, Victoria, BC","48.4293121","-123.3527349"
"30","Nourish In The Harbour","89","4.5","225 Quebec Street, Victoria, BC","48.421702","-123.3768043"
"31","Nautical Nellies Steak & Seafood House","199","4","1001 Wharf Street, Victoria, BC","48.4245096","-123.3693955"
"32","Chorizo & Co","52","4.5","807 Fort Street, Victoria, BC","48.4241398","-123.3620667"
"33","Menbow Ramen Bar","24","3.5","1018 Blanshard Street, Victoria, BC","48.423894","-123.362935"
"34","The Pink Bicycle","165","4","1008 Blanshard Street, Victoria","48.42376729999999","-123.362862"
"35","The Very Good Butchers","13","4.5","6-1701 Douglas Street, Victoria, BC","48.4300479","-123.3637239"
"36","Clarke&Co","14","5","1002 Blanshard Street, Victoria, BC","48.423651","-123.3629409"
"37","Superbaba","22","4.5","1325 Blanshard Street, Victoria, BC","48.4266911","-123.3615715"
"38","Belleville’s Watering Hole & Diner","77","3.5","427 Belleville Street, Victoria, BC","48.42110839999999","-123.3731683"
"39","Mesa Familiar","3","3.5","1296 Gladstone, Victoria, BC","48.4305589","-123.3453841"
"40","Bubby’s Kitchen","48","4","355 Cook Street, Victoria, BC","48.4156487","-123.3557438"
"41","Il Covo Trattoria","93","4","106 Superior Street, Victoria, BC","48.421825","-123.380576"
"42","Kuma Noodles Japan","25","4","1551 Cedar Hill Cross Road, Victoria, BC","48.4613391","-123.3348886"
"43","Bin 4 Burger Lounge","111","4","911 Yates Street, Victoria, BC","48.42535059999999","-123.3580704"
"44","Pizzeria Prima Strada","131","4","230 Cook Street, Victoria, BC","48.4140992","-123.3571563"
"45","Cocina Pequena","3","4.5","1600 Bay street, Victoria, BC","48.4343379","-123.3359709"
"46","Beijing Bistro","19","4","769 Fort Street, Victoria, BC","48.4243238","-123.3634736"
"47","10 Acres Commons","52","4","620 Humboldt Street, Victoria, BC","48.4228855","-123.3678035"
"48","The Fish Store","106","4","1 Dallas Road, Victoria, BC","48.42264","-123.3828602"
"49","The Ruby","78","4.5","3110 Douglas Street, Victoria, BC","48.4460808","-123.3716697"
"50","Table 21","15","4","777 Douglas Street, Victoria, BC","48.4219215","-123.3652339"
"51","Irish Times Pub","274","4","1200 Government Street, Victoria, BC","48.42585649999999","-123.3679504"
"52","Taste of Europe","27","4.5","735 Yates Street, Victoria, BC","48.4258687","-123.3635059"
"53","Aura Waterfront Restaurant + Patio","89","4","680 Montreal Street, Victoria, BC","48.4233571","-123.3766224"
"54","Saffron Persian Cuisine","6","4.5","2217 Oak Bay Avenue, Victoria, BC","48.4263661","-123.3155672"
"55","Vis-à-Vis","12","4","2232 Oak Bay Avenue, Victoria, BC","48.426633","-123.3149341"
"56","Cafe Brio","79","4","944 Fort Street, Victoria, BC","48.42405549999999","-123.3575968"
"57","The Oaks Restaurant","11","3.5","2250 Oak Bay Avenue, Victoria, BC","48.4265681","-123.3142412"
"58","SüLT Pierogi Bar","37","4","609 Yates Street, Victoria, BC","48.42642619999999","-123.3669085"
"59","Sushi Time Express","10","5","735 Yates Street, Victoria, BC","48.4258687","-123.3635059"
"60","Fuego Old Town Eatery","43","4","1435 Store Street, Victoria, BC","48.4282543","-123.3693406"
"61","Legislative Dining Room","5","5","614 Government Street, Victoria, BC","48.4190854","-123.3692445"
"62","The Tapa Bar","120","4","620 Trounce Alley, Victoria, BC","48.4259753","-123.3666449"
"63","Hawk and Hen","50","4","531 Yates Street, Victoria, BC","48.4266303","-123.3695751"
"64","Ayo Eat","38","4.5","140-156 Johnson Street, Victoria, BC","48.4280834","-123.3708889"
"65","Machi Sushi","13","4.5","2583 Cadboro Bay Road, Victoria, BC","48.4377968","-123.3125279"
"66","Bon Sushi","17","5","1467 Hampshire Road, Oak Bay, BC","48.4260815","-123.3156733"
"67","Veneto","78","4","1450 Douglas Street, Victoria, BC","48.4279141","-123.3649611"
"68","Padella Kitchen+Wine","19","4.5","2524 Estevan Avenue, Victoria, BC","48.437638","-123.307705"
"69","Cooks Day Off","4","5","1883 Fort Street, Victoria, BC","48.4308913","-123.3270645"
"70","Baan Thai Restaurant","14","4","2000 Cadboro Bay Road, Oak Bay, BC","48.4327051","-123.3216478"
"71","Saveur","20","4.5","658 Herald Street, Victoria, BC","48.430466","-123.3654184"
"72","Wrap N Roll","5","4","1885 Fort Street, Victoria","48.431121","-123.326786"
"73","Murchie’s Tea & Coffee","227","4.5","1110 Government Street, Victoria, BC","48.4254168","-123.3681474"
"74","Fiamo","75","4","515 Yates Street, Victoria, BC","48.4266982","-123.3697848"
"75","Poutine 66","17","3.5","2637 Quadra Street, Victoria, BC","48.4388026","-123.3591326"
"76","The Local","97","4","1205 Wharf Street, Victoria, BC","48.4259856","-123.3699616"
"77","The Keg Steakhouse & Bar","103","4.5","500 Fort Street, Victoria, BC","48.425239","-123.3695954"
"78","Agrius","26","4","732 Yates Street, Victoria, BC","48.4262765","-123.3633355"
"79","BeaverTails","21","4.5","602 Broughton Street, Victoria, BC","48.42433339999999","-123.367646"
"80","Penny Farthing Public House","43","4","2228 Oak Bay Avenue, Victoria, BC","48.4267409","-123.3150226"
"81","Cactus Club Cafe","65","4","1125 Douglas Street, Victoria, BC","48.424893","-123.364927"
"82","Be Love","85","4","1019 Blanshard Street, Victoria, BC","48.4242889","-123.3625127"
"83","Fernwood Pizza Company","1","1","2009 Fernwood Road, Victoria, BC","48.43085749999999","-123.3450504"
"84","La Taquisa","40","4","1017 Blanshard Street, Victoria, BC","48.4239571","-123.362371"
"85","Tacofino","61","4","787 Fort Street, Victoria, BC","48.4241342","-123.3629975"
"86","Famoso Neapolitan Pizzeria","77","4","129-500 Johnson Street, Victoria, BC","48.4280834","-123.3708889"
"87","Mo:Lé Restaurant","163","4","554 Pandora Avenue, Victoria, BC","48.42873609999999","-123.3676006"
"88","Pho Ever","33","4","1669 Pear Street, Saanich, BC","48.4582574","-123.3323104"
"89","Bangkok Modern Thai Cuisine","15","4.5","1813 Douglas Street, Victoria, BC","48.4307071","-123.364171"
"90","Perro Negro","9","4.5","536 Yates Street, Victoria, BC","48.4270046","-123.3690453"
"91","King Sejong Restaurant","39","4","650 Yates Street, Victoria, BC","48.4265408","-123.3654393"
"92","The Victoria Warehouse - El Furniture","22","3.5","533 Yates Street, Victoria, BC","48.42653000000001","-123.369294"
"93","Hanshik Nara Korean Restaurant","3","5","748 Johnson Street, Victoria, BC","48.427141","-123.3631238"
"94","Foo Ramen Bar","42","3.5","762 Broughton Street, Victoria, BC","48.42360499999999","-123.3624099"
"95","Blue Crab Seafood House","98","3.5","146 Kingston Street, Victoria, BC","48.4223081","-123.3796642"
"96","Fishhook","8","5","407 Swift Street, Victoria, BC","48.429272","-123.3710233"
"97","Floyd’s Diner","100","4","866 Yates Street, Victoria, BC","48.426012","-123.359468"
"98","Shine Cafe","39","4","1548 Fort Street, Victoria, BC","48.4259563","-123.3388868"
"99","The Next","12","4.5","104-240 Cook Street, Victoria, BC","48.4143881","-123.3570765"
"100","Varsha Indian Kitchen","53","4","1600 Governement Street, Victoria","48.4287959","-123.367274"
"101","Picnic","28","4.5","506 Fort Street, Victoria, BC","48.4251415","-123.3692927"
"102","Pho Nay","19","4","1012 Blanshard Street, Victoria, BC","48.4238401","-123.3628441"
"103","Spoons Diner","56","4","2915 Douglas Street, Victoria, BC","48.4420688","-123.3682455"
"104","Golden City Restaurant","55","4","721 Fisgard St, Victoria, BC","48.4293234","-123.3632914"
"105","The Drake Eatery","35","4","517 Pandora Street, Victoria, BC","48.4284105","-123.3690607"
"106","Thaigo","3","4.5","1644 Hillside Avenue, Victoria, BC","48.4461325","-123.3358263"
"107","ReBar Modern Food","215","4","50 Bastion Square, Victoria, BC","48.4258871","-123.3680068"
"108","The Village Restaurant","38","4","2518 Estevan Avenue, Victoria, BC","48.437783","-123.307837"
"109","Hong Kong West","13","3","1807 Fort Street, Victoria, BC","48.4295356","-123.3298413"
"110","Zambri’s","52","4","820 Yates Street, Victoria, BC","48.4260925","-123.3613309"
"111","Tibetan Kitchen","35","4","680 Broughton Street, Victoria, BC","48.4242226","-123.3660772"
"112","My Thai Cafe","22","4","1020 Cook Street, Victoria, BC","48.4226965","-123.3544583"
"113","Nar Cafe & Bistro","6","4.5","2540 Windsor Road, Victoria, BC","48.423446","-123.3070351"
"114","SenZushi","14","4","940 Fort Street, Victoria, BC","48.4240305","-123.357835"
"115","Fisherman’s Wharf","31","4","1 Dallas Road, Victoria, BC","48.42264","-123.3828602"
"116","Yates Street Taphouse","27","3.5","759 Yates Street, Victoria, BC","48.4259008","-123.3626286"
"117","Yalla Middle Eastern Cuisine","18","4.5","1011 Blanshard Street, Victoria, BC","48.4238548","-123.3622815"
"118","Kissako Sushi","6","5","2027 Oak Bay Avenue, Victoria, BC","48.426319","-123.3215927"
"119","Wheelies Motorcycle Cafe","12","5","2620 Rock Bay Avenue, Victoria, BC","48.4371474","-123.3700931"
"120","Flying Otter Grill","136","3.5","950 Wharf Street, Victoria, BC","48.4236474","-123.3711713"
"121","The Fernwood Inn","26","3.5","1302 Gladstone Avenue, Victoria, BC","48.4306098","-123.3449067"
"122","Ricasalsa","19","4","1109 McKenzie Street, Victoria, BC","48.414662","-123.3557001"
"123","Sushi Matsuri","12","4.5","239 Menzies Street, Victoria, BC","48.4163231","-123.3730101"
"124","Relish Food and Coffee","21","4.5","920 Pandora Avenue, Victoria, BC","48.427702","-123.358051"
"125","Ottavio Italian Bakery & Delicatessen","15","4","2272 Oak Bay Avenue, Victoria, BC","48.4267382","-123.3135541"
"126","Haultain Fish & Chips","16","4","1127 Haultain Street, Victoria, BC","48.4360681","-123.350599"
"127","Cenote Restaurant and Lounge","5","4.5","768 Yates Street, Victoria, BC","48.4263753","-123.3628273"
"128","Le Petit Dakar","13","4","711 Douglas Street, Victoria, BC","48.42059099999999","-123.3661294"
"129","Lotus Pond Vegetarian Restaurant","58","4","617 Johnson Street, Victoria, BC","48.4273137","-123.3667101"
"130","Q V Cafe & Bakery","37","4","1701 Government Street, Victoria, BC","48.4295811","-123.3666938"
"131","Avalon Restaurant","18","4","1075 Fort Street, Victoria, BC","48.4233708","-123.3548685"
"132","Roast","29","4","1701 Douglas Street, Victoria, BC","48.4300479","-123.3637239"
"133","La Fogata Latina Restaurants","9","4","749 View Street, Victoria, BC","48.4250202","-123.3631523"
"134","Bin 4 Burger Lounge","16","4.5","3271 Maple Street, Victoria, BC","48.4505799","-123.3682287"
"135","Milestones Restaurants","114","3.5","812 Wharf St, Victoria, BC","48.4228659","-123.3689381"
"136","Cora’s","103","3.5","850 Douglas Street, Victoria, BC","48.4228947","-123.3662365"
"137","Frank’s Honeybun Cafe","38","4","605 Yates Street, Victoria, BC","48.4263987","-123.3671814"
"138","Wannawafel","49","4.5","102-560 Johnson Street, Victoria, BC","48.4278693","-123.3688639"
"139","West Coast Waffles","74","3.5","1235 Broad Street, Victoria, BC","48.42617019999999","-123.366131"
"140","Sura Korean Cuisine","24","3","1696 Douglas Street, Victoria, BC","48.4292923","-123.3647258"
"141","Le Petit Saigon Vietnamese Restaurant","43","4","1010 Langley Street, Victoria, BC","48.42462200000001","-123.36909"
"142","Interactivity Board Game Cafe","16","4.5","723 Yates Street, Victoria, BC","48.4260256","-123.3638628"
"143","Fire & Water Fish and Chop House","23","3.5","728 Humboldt Street, Victoria, BC","48.42149209999999","-123.3646247"
"144","The Joint Pizzaria & Deli","75","3.5","1219 Wharf Street, Victoria, BC","48.42655999999999","-123.3700493"
"145","Kissako Green Tea Cafe","5","5","2027 Oak Bay Avenue, Victoria, BC","48.426319","-123.3215927"
"146","Canoe Brewpub Marina & Restaurant","155","3.5","450 Swift Street, Victoria, BC","48.4299764","-123.3708464"
"147","J & J Wonton Noodle House","35","3.5","1012 Fort Street, Victoria, BC","48.4238787","-123.3561211"
"148","Oak Bay Seafood","3","3","2024 Oak Bay Avenue, Victoria, BC","48.4267462","-123.3215838"
"149","Wah Lai Yuen","32","3.5","560 Fisgard Street, Victoria, BC","48.42950339999999","-123.3675693"
"150","Browns Socialhouse","49","3.5","809 Douglas St, Victoria, BC","48.4223422","-123.365555"
"151","Heron Rock Bistro","62","4","435 Simcoe Street, Victoria, BC","48.4156474","-123.3753358"
"152","LURE Restaurant & Bar","26","3.5","100 Harbour Road, Victoria, BC","48.4268102","-123.3752044"
"153","McRae’s","19","4","1652 Mcrae Avenue, Victoria, BC","48.45075569999999","-123.3328673"
"154","La Taqueria","21","4","766 Fort Street, Victoria, BC","48.4245131","-123.3632955"
"155","5th Street Bar & Woodfire Grill","56","3.5","1028 Hillside Avenue, Victoria, BC","48.4397525","-123.3583018"
"156","Sushi Island","20","3.5","1633 Hillside Avenue, Victoria, BC","48.4449657","-123.3342592"
"157","Famous Original","30","3.5","538 Yates Street, Victoria, BC","48.427057","-123.368902"
"158","Q at The Empress","31","3.5","721 Government St, Victoria, BC","48.4216314","-123.3668247"
"159","Pluto’s","23","3.5","1150 Cook St, Victoria, BC","48.4239952","-123.3544238"
"160","Cosmos Pizza & Pasta","6","3.5","1557 Pandora Avenue, Victoria, BC","48.42632889999999","-123.3384752"
"161","Kid Sister","20","4.5","10 Fan-Tan Alley, ","48.42876099999999","-123.36799"
"162","Omakase Izakaya & Sushi Bar","16","4","990 Blanshard Street, ","48.4234351","-123.3629505"
"163","Noodlebox","78","3","818 Douglas Street, ","40.4832322","-88.98306"
"164","Steamship Grill & Taphouse","79","3","470 Belleville Street, ","29.9509541","-90.0480379"
"165","Christie’s Carriage House Pub","23","3.5","1739 Fort Street, ","42.2158537","-83.1807208"
"166","Origin Gluten-free Bakery","12","4","1525 Pandora Avenue, ","34.0597918","-118.4261782"
"167","La Tea Ah!","6","4","774 Fort Street, ","41.3068685","-95.926565"
"168","Hot and Cold Cafe","19","4.5","313 Cook Street, ","35.4799427","-80.621049"
"169","Pembas Kitchen","4","5","69-560 Johnson Street, ","44.044944","-91.64336379999999"
"170","Lot 1 Pasta Bar","30","3.5","204 - 815 Cloverdale Avenue, Victoria, BC","48.44966300000001","-123.3692865"
"171","Splash Restaurant and Lounge","2","4.5","1961 Douglas Street, Victoria, BC","48.4317632","-123.364153"
"172","Park’s Kitchen","21","3.5","606 Trounce Alley, Victoria, BC","48.4259557","-123.3674935"
"173","Imagine Studio Café","6","3.5","31 Erie Street, Victoria, BC","48.4212567","-123.3833508"
"174","Saffron","3","4.5","2217 Oak Bay Avenue, Victoria, BC","48.4263661","-123.3155672"
"175","The Urban Cup Bakery Cafe","14","4.5","3690 Shelbourne St, Victoria, BC","48.46001880000001","-123.3332933"
"176","Cafe Mexico","33","3.5","1425 Store Street, Victoria, BC","48.4281035","-123.3694175"
"177","Shine Cafe","41","4","1320 Blanshard Street, Victoria, BC","48.4266972","-123.3621781"
"178","The Grindstone Cafe","13","4.5","504 Herald Street, Victoria, BC","48.4303143","-123.3694771"
"179","I Kyu Noodles","73","3.5","564 Fisgard Street, Victoria, BC","48.4294964","-123.3674687"
"180","Rise & Grind","6","5","1294 Broad Street, Victoria, BC","48.426279","-123.3665109"
"181","The Pacific Restaurant","22","3.5","463 Belleville Street, Victoria, BC","48.4205585","-123.3726817"
"182","Big Wheel Burger","64","3.5","341 Cook Street, Victoria, BC","48.4150529","-123.3559138"
"183","Marina Restaurant","32","3.5","1327 Beach Drive, Victoria, BC","48.4243587","-123.3021173"
"184","Tre Fantastico","34","3.5","810 Humboldt Street, Victoria, BC","48.4203114","-123.3629287"
"185","Don Mee Seafood Restaurant","118","2.5","538 Fisgard Street, Victoria, BC","48.429475","-123.3680915"
"186","Italian Food Imports","27","4.5","1114 Blanshard Street, Victoria, BC","48.4247916","-123.3625979"
"187","Northern Quarter","7","4","1724 Douglas Street, Victoria, BC","48.429928","-123.3649204"
"188","10 Acres Kitchen","45","3.5","614 Humboldt Street, Victoria, BC","48.4229949","-123.3679192"
"189","Santiago’s Cafe","60","3","660 Oswego Street, Victoria, BC","48.4213567","-123.3746924"
"190","Pizzeria Prima Strada","11","2.5","1990 Fort Street, Victoria, BC","48.4324514","-123.3227449"
"191","New Asian Village - Victoria","27","3.5","1245 Wharf Street, Victoria, BC","48.42650570000001","-123.3699129"
"192","Fairfield Fish & Chips","14","4","1275 Fairfield Road, Victoria, BC","48.41547569999999","-123.349336"
"193","Hope Key","32","4.5","1313 Douglas Street, Victoria, BC","48.4267034","-123.3645897"
"194","The Livet","11","4","201-804 Broughton Street, Victoria, BC","48.42368949999999","-123.3621852"
"195","Sakura Sushi Bar & Japanese Cafe","10","4","1213 Quadra Street, Victoria, BC","48.42516390000001","-123.3591699"
"196","Ebizo Japanese Restaurant","85","3.5","604 Broughton Street, Victoria, BC","48.4243594","-123.367569"
"197","Cottage Bakery & Cafe","5","5","1267 Fairfield Road, Victoria, BC","48.4153046","-123.3488771"
"198","Messob Ethiopian Cuisine","7","4.5","1109 McKenzie Avenue, Victoria, BC","48.4703659","-123.3613694"
"199","Logan’s Pub","15","4","1821 Cook Street, Victoria, BC","48.429834","-123.3527131"
"200","Delhi","7","4.5","105-2504 Government Street, Victoria, BC","48.4362073","-123.3678079"
"201","Victoria Harbour House Restaurant","42","3","607 Oswego Street, Victoria, BC","48.4215054","-123.3740215"
"202","Roundhouse Café","2","5","935 Cloverdale Avenue, Victoria, BC","48.4528085","-123.3650523"
"203","The Tropical Island Restaurant","15","3.5","1-3690 Shelbourne Street, Victoria, BC","48.46001880000001","-123.3332933"
"204","The Old Spaghetti Factory","79","3","703 Douglas Street, Victoria, BC","48.42075","-123.3660539"
"205","Fatburger","15","2.5","1209 Douglas Street, Victoria, BC","48.4257543","-123.3648013"
"206","East Garden Restaurant","7","3","2888 Belmont Ave, Victoria, BC","48.4420079","-123.3392566"
"207","Shanzee’s Biscuit Cafe","6","4","529 Pandora Avenue, Victoria, BC","48.4283536","-123.3686058"
"208","The London Chef","8","4","953 Fort Street, Victoria, BC","48.4237206","-123.3579979"
"209","Superior Pizza","13","4.5","455 Simcoe Street, Victoria, BC","48.4156683","-123.3751609"
"210","Dynasty Restaurant","40","3","546 Fisgard Street, Victoria, BC","48.4294829","-123.3678964"
"211","La Fiesta Cafe","20","4","1001 Douglas Street, Victoria, BC","48.4239809","-123.3652309"
"212","Brickyard Pizza","30","3","784 Yates Street, Victoria, BC","48.42630579999999","-123.3625038"
"213","Olive Olio’s","3","5","3840 Cadboro Bay Rd, Victoria, BC","48.4615027","-123.2967657"
"214","Palmer’s Restaurant","1","5","2187 Oak Bay Ave, Victoria, BC","48.4263388","-123.3164564"
"215","Baan Thai Restaurant","52","3.5","1117 Blanshard St, Victoria, BC","48.4247323","-123.3621701"
"216","Earls Kitchen + Bar","69","3.5","1199 Government Street, Victoria, BC","48.4255521","-123.3674255"
"217","Osaka Sushi","21","3.5","1951 Oak Bay Avenue, Victoria, BC","48.42613960000001","-123.3237108"
"218","Sun Wah Chinese Restaurant","5","4","1515 Cook Street, Victoria, BC","48.4276017","-123.3528399"
"219","McDonald’s","10","2.5","1200 Douglas Street, Victoria, BC","48.4256223","-123.365533"
"220","Red Barn Market","4","5","1933 Oak Bay Avenue, Victoria, BC","48.426317","-123.3250581"
"221","Victoria BBQ House & Bakery","7","3.5","1714 Government Street, Victoria, BC","48.4297662","-123.3673009"
"222","Sookjai Thai Restaurant","27","3.5","893 Fort Street, Victoria, BC","48.4239609","-123.360217"
"223","Green Cuisine Vegetarian Restaurant","66","4","560 Johnson Street, Victoria, BC","48.4278693","-123.3688639"
"224","Grace Sushi","37","4","1619 store street, Victoria, BC","48.4289658","-123.3692401"
"225","Kulu","1","3","1296 Gladstone Avenue, Victoria, BC","48.4305589","-123.3453841"
"226","JBI Café Restaurant","6","3.5","270 Government Street, Victoria, BC","48.4153329","-123.3693644"
"227","Glo Restaurant & Lounge","44","3","104 - 2940 Jutland Road, Victoria, BC","48.4391252","-123.3788564"
"228","John’s Noodle Village","22","3.5","823 Bay Street, Victoria, BC","48.4354131","-123.3612428"
"229","Choux Choux Charcuterie","12","4.5","830 Fort Street, Victoria, BC","48.424301","-123.361186"
"230","Oregano’s Pizza and Bistro Fairfield","15","3.5","1516 Fairfield Road, Victoria, BC","48.4130212","-123.3380652"
"231","Willie’s Bakery & Cafe","96","3.5","537 Johnson Street, Victoria, BC","48.4276039","-123.369223"
"232","Barb’s Place","111","3.5","1 Dallas Rd, Victoria, BC","48.42264","-123.3828602"
"233","O Cafe and Bistro","11","4","500 Oswego Street, Victoria, BC","48.4207314","-123.3759506"
"234","2% Jazz","7","3.5","1701 Douglas Street, Victoria, BC","48.4300479","-123.3637239"
"235","Lox stock and bagel deli","1","5","3636 Shelbourne St, Victoria, BC","48.4597755","-123.3332746"
"236","Vista 18","67","3.5","740 Burdett Avenue, Victoria, BC","48.4222506","-123.3643313"
"237","Chipan","11","3","103-535 Yates Street, Victoria, BC","48.4265678","-123.3691583"
"238","Moxie’s Grill & Bar","17","3.5","1 - 1010 Yates Street, Victoria, BC","48.4255311","-123.3559586"
"239","Fol Epi","8","4","732 Yates Street, Victoria, BC","48.4262765","-123.3633355"
"240","Big Wheel Burger","6","4","703 771 Vernon Avenue, Victoria, BC","48.45849339999999","-123.3771321"
"241","Ferris’ Grill","133","3.5","536 Yates St, Victoria, BC","48.4270046","-123.3690453"
"242","The Village Taverna","8","3.5","101-1075 Pendergast Street, Victoria, BC","48.4153117","-123.3567041"
"243","Taste - A Place for Coffee","4","5","108-2000 Cadboro Bay Road, Victoria, BC","48.4327051","-123.3216478"
"244","Cafe Marrakech","2","3.5","2551 Quadra Street, Victoria, BC","48.4368997","-123.3581005"
"245","Green Leaf Bistro","50","3.5","1684 Douglas Street, Victoria, BC","48.429105","-123.3648659"
"246","White Spot Caledonia","12","3.5","710 Caledonia Avenue, Victoria, BC","48.4313559","-123.3641468"
"247","Vic’s Steakhouse","29","3.5","345 Quebec Street, Victoria, BC","48.4211298","-123.3758512"
"248","Venus Sophia Tea Room & Vegetarian Eatery","61","4","540 Fisgard Street, Victoria, BC","48.4296005","-123.3681091"
"249","Sammich","10","4.5","1150 Douglas Street, Victoria, BC","48.4250925","-123.3669527"
"250","Vegan Hippie-Chick Cafe","4","4","1034 Fort Street, Victoria, BC","48.4236628","-123.3553126"
"251","Cafe Bliss","35","4.5","556 Pandora Avenue, Victoria, BC","48.4287376","-123.3675214"
"252","Dak","0","0","838 Fort Street, Victoria, BC","48.4244552","-123.3608595"
"253","OPA! of Greece Hillside Centre","4","2.5","1644 Hillside Avenue, Victoria, BC","48.4461325","-123.3358263"
"254","Cook & Pan Polish Delicatessen & Cafe","1","5","1527 Amelia Street, Victoria, BC","48.4284115","-123.3601837"
"255","Millos Greek Restaurant & Lounge","47","3.5","716 Burdett Avenue, Victoria, BC","48.4223019","-123.3648329"
"256","Dog Gone It","34","3.5","813 Wharf Street, Victoria, BC","48.4232258","-123.3687227"
"257","Thai Lemongrass","23","3.5","3838 Cadboro Bay Road, Victoria, BC","48.4613303","-123.2978343"
"258","Han Korean Restaurant","9","2.5","615 Johnson Street, Victoria, BC","48.427263","-123.366505"
"259","The Sticky Wicket","122","3","919 Douglas Street, Victoria, BC","48.4234939","-123.3651406"
"260","Stir It Up","2","4.5","760A Yates Street, Victoria, BC","48.4263753","-123.3628273"
"261","The Bent Mast","35","3.5","512 Simcoe Street, Victoria, BC","48.4153122","-123.3735025"
"262","The Spice Jammer","31","4","852 Fort Street, Victoria, BC","48.4243773","-123.3602932"
"263","Willows Galley Fish & Chips","19","4","2559 Estevan Avenue, Victoria, BC","48.4371324","-123.3071212"
"264","Beacon Drive In","35","3","126 Douglas Street, Victoria, BC","48.4115279","-123.368674"
"265","Fan Tan Cafe","47","3","549 Fisgard Street, Victoria, BC","48.429243","-123.367871"
"266","Tooks On Cook","8","4.5","104-1175 Cook Street, Victoria, BC","48.4239052","-123.3532242"
"267","Picnic Too","6","4.5","1019 Fort Street, Victoria, BC","48.4234258","-123.3560499"
"268","Le Pho","10","3","1990 Fort Street, Victoria, BC","48.4324514","-123.3227449"
"269","Victoria Sushi","20","4","176 Wilson Street, Victoria","48.4326383","-123.381134"
"270","Hothouse Pizza","4","5","180 Wilson St, Victoria, BC","48.4330733","-123.3816781"
"271","Fig Mediterranean Deli","12","4","1551 Cedar Hill Cross Road, Victoria","48.4613391","-123.3348886"
"272","Pagliacci’s - Temp. CLOSED","340","4","1011 Broad Street, Victoria, BC","48.4244394","-123.366382"
"273","Sizzling Tandoor","60","3.5","637 Johnson Street, Victoria, BC","48.427039","-123.3656218"
"274","Rocky Mountain Muffin Company","1","5","1525 Pandora Avenue, Victoria, BC","48.4260254","-123.3391619"
"275","Sockeye Sushi","14","4","726 Johnson Street, Victoria, BC","48.4271922","-123.3634498"
"276","Chicken On the Run","11","4","405 Craigflower Road, Victoria, BC","48.4363488","-123.3874112"
"277","Pho Vy Vietnamese Restaurant","47","3.5","772 Fort Street, Victoria, BC","48.424533","-123.3631972"
"278","Koto Sushi Izakaya","66","3.5","510 Fort Street, Victoria, BC","48.42527159999999","-123.3691305"
"279","The Village Butcher","6","4","2032 Oak Bay Avenue, Victoria, BC","48.42660129999999","-123.3213982"
"280","Kates Cafe","4","4","1175 Beach Drive, Victoria, BC","48.420248","-123.2991443"
"281","Topos Ristorante Italiano","3","4.5","1218 Wharf St, Victoria, BC","48.426445","-123.370475"
"282","Smoke and Mirrors","0","0","1262 Oscar Street, Victoria, BC","48.415505","-123.349858"
"283","The Guild","34","3","1250 Wharf Street, Victoria, BC","48.426792","-123.37063"
"284","Sante Cafe & Bakery","17","4","2630 Quadra Street, Victoria","48.438274","-123.3591272"
"285","Smoke and Anchor","7","4.5","1 Dallas Road, Victoria, BC","48.42264","-123.3828602"
"286","White Spot Fort Street","3","2.5","1871 Fort Street, Victoria, BC","48.4307087","-123.3272949"
"287","Finn’s Seafood Chops Cocktails","1","4","1208 Wharf Street, Victoria, BC","48.4263512","-123.3704473"
"288","Szechuan Restaurant","7","3","853 Caledonia Avenue, Victoria, BC","48.4307138","-123.3594747"
"289","Taqueria","0","0","3587 Blanshard Street, Victoria, BC","48.4567126","-123.3765561"
"290","Denny’s","14","4","3100 Douglas St, Victoria, BC","48.445141","-123.3713179"
"291","Hothouse Pizza","1","5","2865 Foul Bay Road, Victoria, BC","48.4414819","-123.3217351"
"292","Bon Appetit Cafe","3","3.5","1150 Douglas Street, Victoria, BC","48.4250925","-123.3669527"
"293","Chikara Sushi Japanese Restaurant","5","4","2950 Douglas St, Victoria, BC","48.4430161","-123.370408"
"294","Argyle Attic","13","3.5","777 Courtney Street, Victoria, BC","48.4225577","-123.3635599"
"295","Breakwater Café","28","3","199 Dallas Road, Victoria, BC","48.4154328","-123.3846985"
"296","Romeo’s","14","2.5","1703 Blanshard Street, Victoria, BC","48.4295151","-123.3615876"
"297","The NOOK coffee & tea","2","5","1002 Hillside Avenue, Victoria, BC","48.4395738","-123.3590385"
"298","Pho Vuong","14","2.5","622 Fisgard St, Victoria, BC","48.42952589999999","-123.3661066"
"299","Hecklers Bar and Grill","16","4","123 Gorge Road E, Victoria","48.4427029","-123.3861167"
"300","Pizza Al Forno","10","3.5","456 Gorge Road E, Victoria, BC","48.4411271","-123.3734049"
"301","Romeo’s Place","10","2.5","1581 Hillside Avenue, Victoria, BC","48.4438294","-123.3364641"
"302","The Sour Pickle Cafe","12","4","1623 Store St, Victoria, BC","48.4291089","-123.36932"
"303","San Remo Restaurant","10","3","2709 Quadra Street, Victoria, BC","48.439699","-123.3591038"
"304","Lido Waterfront Bar & Bistro","17","3.5","1234 S Wharf St, Victoria, BC","48.4265651","-123.3710032"
"305","Little Thai Place","16","3","1839 Cook Street, Victoria","48.4302204","-123.352726"
"306","Yoka’s Coffee","2","5","1046 Mason St, Victoria, BC","48.4283612","-123.3542625"
"307","Ming’s Restaurant","16","2","1321 Quadra St, Victoria, BC","48.426367","-123.358846"
"308","Red Robin Gourmet Burgers","35","3","800 Tolmie Ave., Victoria, BC","48.4483646","-123.3687815"
"309","Rosie’s Diner","14","3.5","253 Cook Street, Victoria, BC","48.4137438","-123.3566363"
"310","Crumsby’s Cupcake Cafe","21","4","2509 Estevan Avenue, Oak Bay, BC","48.4375077","-123.3081756"
"311","Chez Michel Restaurant","5","4","1871 Oak Bay Ave, Victoria, BC","48.4262826","-123.3265609"
"312","Darcy’s Pub","61","4","1127 Wharf Street, Victoria, BC","48.425702","-123.369627"
"313","Koryo Korean BBQ","6","3.5","1150 Douglas St, Victoria, BC","48.4250925","-123.3669527"
"314","Pizza Zone","9","2","1806 Cook Street, Victoria, BC","48.4297447","-123.3531167"
"315","Villages Pizza","4","3.5","2016 Oak Bay Ave, Victoria, BC","48.4267428","-123.3219368"
"316","Domino’s Pizza","9","3.5","1420 Quadra Street, Victoria, BC","48.42710959999999","-123.3594411"
"317","Ali Baba Pizza","30","3.5","775 Fort St, Victoria, BC","48.4242925","-123.3632758"
"318","Forum Chinese Seafood Restaurant","13","3.5","612 Fisgard Street, Victoria, BC","48.4294805","-123.3665011"
"319","Dragon Gate Restaurant","6","3.5","1609D Fort St, Victoria, BC","48.426755","-123.335658"
"320","Subway","1","4","1568 Fort Street, Victoria, BC","48.42607109999999","-123.33853"
"321","Young’s Restaurant","4","3","2638 Quadra St, Victoria, BC","48.4384476","-123.3591036"
"322","Little Thai Place","18","3","3613 Shelbourne Street, Saanich, BC","48.4598344","-123.3323728"
"323","Momo Sushi To Go","10","4","1921 Quadra Street, Victoria, BC","48.4313033","-123.3583079"
"324","Willows Pizza","0","0","2571 Cadboro Bay Rd., Victoria, BC","48.43767949999999","-123.3127001"
"325","Macchiato","23","4","1002 Broad Street, Victoria, BC","48.4241906","-123.3667392"
"326","Shizen Sushi Japanese Restaurant","32","3.5","1706 Government Street, Victoria, BC","48.4295996","-123.3673745"
"327","Panago Pizza","0","0","1108 Yates Street, Victoria, BC","48.425246","-123.352946"
"328","Ground Control Cafe","1","5","777 Fort Street, Victoria, BC","48.4241515","-123.3631961"
"329","Noodlebox","7","3.5","3749 Shelbourne Street, Victoria, BC","48.4618249","-123.3321686"
"330","Songhees Seafood & Steam","2","5","254 Belleville Street, Victoria, BC","48.42226170000001","-123.3740021"
"331","Ocean Garden","63","2","568 Fisgard Street, Victoria, BC","48.4295303","-123.3673268"
"332","Sushi Field","10","3.5","1594 Fairfield Road, Victoria, BC","48.4124452","-123.3373151"
"333","Wooden Shoe Delicatessen","1","5","2576 Quadra St, Victoria, BC","48.43719129999999","-123.3589501"
"334","Boston Pizza","21","2.5","10-797 Hillside Avenue, Victoria, BC","48.4385353","-123.363635"
"335","Fountain Restaurant","17","2.5","2680 Blanshard St, Victoria, BC","48.4381184","-123.3642401"
"336","Fujiya","23","3.5","3624 Shelbourne Street, Victoria, BC","48.4593966","-123.3332385"
"337","Brown’s Social House Uptown","5","2.5","3680 Uptown Boulevard, Victoria, BC","48.4556294","-123.3766198"
"338","Noodlebox","17","2.5","3500 Uptown Boulevard, Victoria, BC","48.4543996","-123.3758378"
"339","Hot House Pizza","4","4.5","351 Cook Street, Victoria, BC","48.4155433","-123.3557739"
"340","Royal Spice","5","5","815 Cloverdale Avenue, Victoria, BC","48.44966300000001","-123.3692865"
"341","Siam Thai Restaurant","33","3.5","512 Fort Street, Victoria, BC","48.4251114","-123.3690001"
"342","Sandwich Corner","8","4","610 Courtney Street, Victoria, BC","48.4235592","-123.3675403"
"343","Shark Club Sports Bar & Grill","10","2","2852 Douglas Street, Victoria, BC","48.4395951","-123.3684379"
"344","Shima Village Japanese Restaurant","47","3","1218 Wharf St, Victoria, BC","48.426445","-123.370475"
"345","Salty’s Fish & Chips","2","4","2950 Douglas Street, Victoria, BC","48.4430161","-123.370408"
"346","Shanghai City Chinese Restaurant","31","2.5","548 Fisgard Street, Victoria, BC","48.4294575","-123.3680204"
"347","Broughton Street Deli","12","3.5","648 Broughton St, Victoria, BC","48.424228","-123.366159"
"348","Caribbean Village Cafe","5","3","2646 Quadra Street, Victoria, BC","48.4388145","-123.3593541"
"349","Burger King","9","2","1328 Douglas Street, Victoria, BC","48.4271192","-123.3650291"
"350","WaffleBeast","1","5","1701 Douglas Street, Victoria, BC","48.4300479","-123.3637239"
"351","Little Yunnan Restaurant","0","0","Fisgard St, Victoria","48.429416","-123.3641734"
"352","Subway","2","3","774 Bay Street, Victoria, BC","48.43651390000001","-123.3631152"
"353","Varsha","1","5","2 Centennial Square, Victoria, BC","48.428743","-123.366757"
"354","Kwong Tung Seafood Restaurant","8","1","548 Fisgard St, Victoria, BC","48.4294575","-123.3680204"
"355","Tim Hortons","4","5","1950 Foul Bay Road, Victoria, BC","48.4307721","-123.3239465"
"356","KFC","3","1","1555 Hillside Avenue, Victoria, BC","48.4437954","-123.3373065"
"357","Il Posto","1","4","1075 Pendergast St, Victoria, BC","48.4153117","-123.3567041"
"358","Japanese Village Restaurant","34","3.5","734 Broughton Street, Victoria, BC","48.4238978","-123.3639574"
"359","The Old Vic Fish & Chips","34","3","1316 Broad Street, Victoria, BC","48.42700319999999","-123.366244"
"360","Mee Wah Restaurant","6","3","1950 Oak Bay Ave, Victoria, BC","48.426671","-123.324112"
"361","Szechuan City Buffet","7","2","110 Burnside Road E, Victoria, BC","48.4495284","-123.3839765"
"362","Felicita’s Campus Pub","9","3.5","3800 Finnerty Road, Victoria, BC","48.4660541","-123.3098918"
"363","Itami Sushi","29","3.5","708 View Street, Victoria, BC","48.4256065","-123.3645088"
"364","Hermann’s Jazz Club","7","4","753 View Street, Victoria, BC","48.4251136","-123.3629143"
"365","Casa Filipino Cuisine and Convenience Store","2","3.5","1483 Douglas Street, Victoria, BC","48.4276267","-123.3642942"
"366","Sam’s Deli","46","3","805 Government Street, Victoria, BC","48.4231409","-123.3680548"
"367","James Bay Fish & Chips","4","2.5","211 Menzies St, Victoria, BC","48.4156549","-123.3735041"
"368","ABC Country Restaurant","2","3","3233 Maple Street, Victoria, BC","48.4500063","-123.3682945"
"369","Second Slice Pizza","19","2.5","1322 Douglas Street, Victoria, BC","48.4269666","-123.3650697"
"370","Cheryl’s Gourmet Pantry","3","3","2009 Cadboro Bay Rd, Victoria, BC","48.4319953","-123.3222773"
"371","Il Posto","1","4","1001 Douglas St, Victoria","48.4239809","-123.3652309"
"372","Puerto Vallarta Amigos","29","3.5","1 Dallas Road, Victoria, BC","48.42264","-123.3828602"
"373","Rockn’ Rolls","13","4","1 Dallas Road, Victoria, BC","48.42264","-123.3828602"
"374","Benjamin’s Bites","1","5","2740 Rock Bay Avenue, Victoria, BC","48.43826749999999","-123.3703014"
"375","Loft and Ladder","3","4.5","932 Johnson Street, Victoria, BC","48.4265704","-123.3573369"
"376","Serious Coffee Oak Bay","1","5","2060 Oak Bay Avenue, Victoria, BC","48.426764","-123.3208379"
"377","Crows Restaurant","5","3.5","123 Gorge Road E, Victoria, BC","48.4427029","-123.3861167"
"378","Pho Boi","21","2","765 Fort Street, Victoria, BC","48.42432040000001","-123.3635418"
"379","McDonald’s","3","1.5","1581 Hillside Ave, Victoria, BC","48.4438294","-123.3364641"
"380","Young Young","15","2.5","1540 Cedar Hill Cross Road, Saanich, BC","48.4619602","-123.3349608"
"381","Saint Franks","6","3.5","1320 Broad Street, Victoria, BC","48.42702449999999","-123.3663258"
"382","Chiba Sushi","9","2.5","2706 Government St, Victoria, BC","48.4387558","-123.3677877"
"383","Maison Belge","1","5","3440 Saanich Road, Victoria, BC","48.4532587","-123.3753745"
"384","Fish & Rice Maki Roll Shop","3","3.5","1701 Douglas Stree, Victoria, BC","48.4300479","-123.3637239"
"385","Halibut House Family","18","4","3500 Quadra Street, Victoria, BC","48.4559146","-123.3598175"
"386","Phonomenal Vietnamese Cafe","11","3.5","3749 Shelbourne Street, Victoria, BC","48.4618249","-123.3321686"
"387","Cafe Select","1","5","1950 Oak Bay Ave, Victoria, BC","48.426671","-123.324112"
"388","Smokin Bones","1","2","1701 Douglas Street, Victoria, BC","48.4300479","-123.3637239"
"389","Saigon Night","11","3.5","915 Fort Street, Victoria, BC","48.4237964","-123.3589349"
"390","Futaba Japanese Restaurant","13","3","1420 Quadra Street, Victoria, BC","48.42710959999999","-123.3594411"
"391","Swiss Chalet Rotisserie & Grill","17","2.5","3233 Douglas St, Victoria, BC","48.44842970000001","-123.3721553"
"392","Quesada Burritos and Tacos","13","3","576 Yates Street, Victoria, BC","48.4268601","-123.3678118"
"393","FreshCoast Health Food Bar","10","3.5","3749 Shelbourne Street, Victoria, BC","48.4618249","-123.3321686"
"394","Aegean Cafe","14","4","799 Fort Street, Victoria, BC","48.42418960000001","-123.3627868"
"395","James Bay Tea Room & Restaurant","35","2.5","332 Menzies Street, Victoria, BC","48.417993","-123.372767"
"396","Brady’s Fish & Chip Restaurant","7","3.5","50 Burnside Road W, Victoria, BC","48.4504815","-123.3858213"
"397","Taco Time","4","3","942 Hillside Ave, Victoria, BC","48.43953","-123.360414"
"398","Cup of Joe Cafe","16","3.5","230 Menzies Street, Victoria, BC","48.41586419999999","-123.3740029"
"399","A&W","0","0","1644 Hillside Avenue, Victoria, BC","48.4461325","-123.3358263"
"400","Wendy’s","3","4","776 Bay St, Victoria, BC","48.4358746","-123.3631937"
"401","Hideaway Restaurant","6","3","3020 Douglas Street, Victoria","48.4439328","-123.3712592"
"402","Hunan Village Cuisine","1","4","546 Fisgard St, Victoria, BC","48.4294829","-123.3678964"
"403","Oregano’s Pizza and Bistro","9","3.5","3615 Shelbourne Street,Suite 23, Victoria, BC","48.4598344","-123.3323728"
"404","Brentwood Bay Pub","3","3.5","849 Verdier Avenue, Victoria, BC","48.57747000000001","-123.46432"
"405","King & Thai Restaurant","10","3","2510 Estevan Avenue, Victoria, BC","48.437763","-123.307936"
"406","OPA! of Greece Bay Centre","4","3.5","1150 Douglas St, Victoria, BC","48.4250925","-123.3669527"
"407","Tulip Cafe & Rice Bar","2","5","1108 Blanshard Street, Victoria, BC","48.4246363","-123.3626719"
"408","Rooftop Surf Club","12","3","919 Douglas Street, Victoria, BC","48.4234939","-123.3651406"
"409","The Gathering Place Cafe","2","4","832 Cormorant Street, Victoria, BC","48.428797","-123.360455"
"410","Vietnam House Restaurant","3","4","3189 Quadra Street, Victoria, BC","48.448685","-123.361482"
"411","OPA! of Greece Mayfair Centre","7","4.5","3147 Douglas Street, Victoria","48.4462254","-123.3696272"
"412","Seoul","1","5","768 Fort St, Victoria, BC","48.4245333","-123.3632769"
"413","Finest At Sea Food Truck","15","3.5","27 Erie Street, Victoria, BC","48.42131","-123.38364"
"414","Azuma Sushi","70","2.5","615 Yates Street, Victoria, BC","48.42639639999999","-123.3667052"
"415","Bold Butchery & Grill","1","5","103A-1420 Quadra Street, Victoria, BC","48.42710959999999","-123.3594411"
"416","The Mint For Lunch","2","4","1412 Douglas Street, Victoria, BC","48.4274882","-123.3648753"
"417","The Bun Shop","1","5","600 Courtney St, Victoria, BC","48.4236409","-123.3681305"
"418","Kuku’s","17","3","24 Burnside Rd W, Saanich, BC","48.4499702","-123.3853348"
"419","ABC Country Restaurant","7","3","2900 Douglas St, Victoria, BC","48.442432","-123.3696152"
"420","Pizza Hut","0","0","911 Yates Street, Victoria, BC","48.42535059999999","-123.3580704"
"421","Xiang Rui","9","2.5","980 Blanshard Street, Victoria, BC","48.42336419999999","-123.3629783"
"422","Hiro Japan Sushi","0","0","1066 Hillside Avenue, Victoria, BC","48.4399284","-123.3567771"
"423","Cook’s Cafe","3","3.5","1175 Cook Street, Victoria, BC","48.4239052","-123.3532242"
"424","Pho U","0","0","D-456 Gorge Road E, Victoria, BC","48.4411271","-123.3734049"
"425","2 Percent Jazz","1","4","740 Hillside Avenue, Victoria, BC","48.4389782","-123.3657666"
"426","McDonald’s","5","2","980 Pandora Avenue, Victoria, BC","48.4278319","-123.3566946"
"427","Shiki Sushi","32","2.5","1113 Blanshard St, Victoria, BC","48.42462399999999","-123.362089"
"428","Uptown Bistro","3","5","400 Boleskine Road, Victoria, BC","48.4522026","-123.3810439"
"429","Earl’s","3","2.5","1199 Government St, Victoria, BC","48.4255521","-123.3674255"
"430","Lola’s Burger Bar","1","3","1208 Wharf Street, Victoria, BC","48.4263512","-123.3704473"
"431","Orale","2","3","1002 Johnson Street, Victoria","48.426423","-123.355883"
"432","Jonathan’s Restaurant","2","2.5","425 Quebec St, Victoria, BC","48.4200696","-123.3731369"
"433","Panago Pizza","0","0","3690 Shelbourne Street, Victoria, BC","48.46001880000001","-123.3332933"
"434","You-Know Korean Restaurant","0","0","726 Johnson St, Victoria, BC","48.4271922","-123.3634498"
"435","Sizzling Tandoor","21","3","3600 Uptown Boulevard, Victoria, BC","48.4550713","-123.37628"
"436","Kitty’s Cafe","4","4","1961 Douglas Street, Victoria","48.4317632","-123.364153"
"437","Lin Heung Restaurant","12","3","3749 Shelbourne Street, Victoria, BC","48.4618249","-123.3321686"
"438","Yoshi Sushi Japanese Restaurant","9","3.5","601-771 Vernon Avenue, Victoria, BC","48.45849339999999","-123.3771321"
"439","Palagio Pizza","9","1.5","2950 Douglas St, Victoria, BC","48.4430161","-123.370408"
"440","Lion’s Den Restaurant","1","1","1925 Blanshard Street, Victoria, BC","48.4316374","-123.3607382"
"441","Serious Coffee Broad Street","17","3","1280 Broad Street, Victoria, BC","48.42606929999999","-123.3665014"
"442","Fat Burger","7","3.5","1200-1280 Trans-Canada Highway, Victoria, BC","48.4256196","-123.3654664"
"443","Serious Coffee Blanshard","5","3","1609 Blanshard St, Victoria, BC","48.428997","-123.3616671"
"444","Persian Kebab & Groceries","2","4","1126 Quadra Street, Victoria, BC","48.424677","-123.359808"
"445","McDonald’s","0","0","1581 Hillside Avenue, Victoria, BC","48.4438294","-123.3364641"
"446","San Remo Cafe & Deli","2","4","1002 Hillside Ave, Victoria, BC","48.4395738","-123.3590385"
"447","Dairy Queen","5","2","2013 Cadboro Bay Road, Victoria, BC","48.4320374","-123.3218817"
"448","My Bar & Grill","1","3","310 Gorge Road E, Victoria, BC","48.4433242","-123.3784829"
"449","Belmiro’s","3","2.5","777 Douglas Street, Victoria, BC","48.4219215","-123.3652339"
"450","Power House Living Foods","4","4.5","3440 Saanich Road, Victoria, BC","48.4532587","-123.3753745"
"451","Colosso Pizzeria & Grill","0","0","625 Broughton Street, Victoria, BC","48.4239012","-123.3668256"
"452","Jeannies Cafe","2","1","2960 Jutland Road, Victoria, BC","48.439778","-123.3789003"
"453","Purple Garden Chinese Restaurant","17","3","1551 Cedar Hill Cross Road, Victoria, BC","48.4613391","-123.3348886"
"454","Coffee Patch Coffee & Tea House","3","3.5","815 Cloverdale Avenue, Victoria, BC","48.44966300000001","-123.3692865"
"455","Second Slice Pizza","2","1","1680 Douglas Street, Victoria, BC","48.4290901","-123.3646684"
"456","GP’s","0","0","3009 Gosworth Road, Victoria, BC","48.44688980000001","-123.3444858"
"457","Cafe Casablanca","2","4.5","2524 Bridge St, Victoria, BC","48.43607859999999","-123.3730983"
"458","Serious Coffee Cook Street","13","3","230 Cook Street, Victoria, BC","48.4140992","-123.3571563"
"459","A&W","4","2","3667 Shelbourne Street, Victoria, BC","48.4605653","-123.3323578"
"460","Boston Pizza Saanich","12","2.5","3510 Blanshard Street, Victoria, BC","48.4567279","-123.3730229"
"461","The Red Kettle Restaurant","1","3","2630 Bridge St, Victoria, BC","48.436834","-123.3734013"
"462","Baja Surf Grill","1","1","535 Yates Street, Victoria","48.4265678","-123.3691583"
"463","Broad Street Kitchen","1","4","1320 Broad St, Victoria, BC","48.42702449999999","-123.3663258"
"464","DQ Grill & Chill Restaurant","5","3","2350 Douglas Street, Victoria, BC","48.4349844","-123.3654479"
"465","O’bean’s Irish Music Nights","0","0","1609H Fort St, Victoria, BC","48.426755","-123.335658"
"466","Toonie Tacos","0","0","1284 Gladstone Ave, Victoria, BC","48.4305476","-123.3457711"
"467","Finest At Sea","3","3.5","27 Erie Street, Victoria, BC","48.42131","-123.38364"
"468","Fairfield Branch","0","0","1839 Fairfield Road, Victoria, BC","48.4155429","-123.328942"
"469","Subway","1","5","239 Menzies Street, Victoria, BC","48.4163231","-123.3730101"
"470","Tim Hortons","3","3.5","3253 Douglas Street, Victoria, BC","48.4485916","-123.3722283"
"471","Ho Tong","19","2.5","3388 Douglas Street, Victoria, BC","48.4522925","-123.3760457"
"472","Delicious Pizza","5","3","3388 Douglas Street, Victoria, BC","48.4522925","-123.3760457"
"473","Norte Street Food","0","0","2121 Douglas Street, Victoria, BC","48.4332224","-123.3642686"
"474","Blue Coast Restaurant","1","1","1951 Oak Bay Ave, Victoria, BC","48.42613960000001","-123.3237108"
"475","Soupa cafe","2","3","736 View Street, Victoria, BC","48.4255528","-123.3636777"
"476","Seven Valley Fine Food & Deli","2","3.5","2506 Douglas St, Victoria, BC","48.4359871","-123.3658597"
"477","Sizzling Wok","3","1","1150 Douglas St, Victoria, BC","48.4250925","-123.3669527"
"478","King’s Delicatessen","3","4","Fort Street, Vict","48.42435829999999","-123.3434196"
"479","Subway","3","1.5","1633 Hillside Ave, Victoria, BC","48.4449657","-123.3342592"
"480","Rustik Bistro","1","5","3950 Carey Road, Saanich, BC","48.4648473","-123.3886528"
"481","JOJO Jajangmyeon","5","3","1630 Cedar Hill Cross Road, Victoria, BC","48.4608395","-123.3314894"
"482","Pita Pit","6","2.5","1221 Wharf St, Victoria, BC","48.4265976","-123.3700728"
"483","Sushi Plus Restaurant","4","2","766 Yates St, Victoria, BC","48.4262324","-123.3629465"
"484","Rising Star Deli","1","4","1320 Broad St, Victoria, BC","48.42702449999999","-123.3663258"
"485","TLC Cafe","0","0","2410 Lee Avenue, Victoria, BC","48.4343283","-123.3261984"
"486","Curry Point","3","3.5","3147 Douglas Street, Victoria, BC","48.4462254","-123.3696272"
"487","Pizza Factory","6","4.5","1630 Cedar Hill Cross Rd, Victoria, BC","48.4608395","-123.3314894"
"488","Kitty’s Hideaway","1","1","1961 Douglas Street, Victoria, BC","48.4317632","-123.364153"
"489","Gosworth Fish & Chips","0","0","3009 Gosworth Road, Victoria, BC","48.44688980000001","-123.3444858"
"490","Splash Bar & Grill","0","0","1961 Douglas St, Victoria, BC","48.4317632","-123.364153"
"491","Cafe Luca","1","3","Douglas St, Vict","48.4323369","-123.3646024"
"492","Crown Palace Chinese Restaurant","8","3.5","405 Craigflower Road, Victoria, BC","48.4363488","-123.3874112"
"493","Caribbean Village Cafe","1","3","768 Fort St, Victoria, BC","48.4245333","-123.3632769"
"494","MOJO","1","3","832 Fort St, Victoria, BC","48.4241789","-123.3611437"
"495","Rose Cafe","0","0","87 Powlett Street, Vict","-37.813672","144.985378"
"496","Sol Food Cafe and Deli","2","4","2955 Jutland Road, Victoria, BC","48.4393002","-123.3785697"
"497","Subway","3","2.5","1324 Douglas Street, Victoria, BC","48.42701599999999","-123.3649697"
"498","Touch of Europe Deli","0","0","2504 Government St, Victoria, BC","48.4362073","-123.3678079"
"499","The Old Coachman Eatery","0","0","229 Gorge Road E, Victoria, BC","48.44252849999999","-123.3825241"
"500","DQ Grill & Chill Restaurant","0","0","1605 Hillside Avenue, Victoria, BC","48.4444161","-123.3354654"
"501","Capricorn Cafe","0","0","888 Fort Street, Victoria, BC","48.42404459999999","-123.3598986"
"502","Taco Time","0","0","1644 Hillside Ave, Victoria, BC","48.4461325","-123.3358263"
"503","Ocean Island Lounge","0","0","791 Pandora Avenue, Victoria, BC","48.4275569","-123.3620121"
"504","Glen’s Fabulous Sandwiches","1","3","1150 Douglas Street, Victoria, BC","48.4250925","-123.3669527"
"505","Quizno’s Classic Subs","3","2.5","172 Wilson St, Victoria, BC","48.432234","-123.380487"
"506","Erito Sushi","3","2.5","3531 Uptown Boulevard, Victoria, BC","48.4555442","-123.3749248"
"507","Ding Tea","1","3","3749 Shelbourne Street, Victoria, BC","48.4618249","-123.3321686"
"508","Sandbar Wharf","3","2.5","1208 Wharf St, Victoria, BC","48.4263512","-123.3704473"
"509","Ricky’s","6","2","3147 Douglas Street, Victoria, BC","48.4462254","-123.3696272"
"510","Tim Hortons","3","1.5","3501 Ravine Way, Victoria, BC","48.4574801","-123.3759523"
"511","Mr Tube Steak","1","5","1950 Government St, Victoria, BC","48.4314946","-123.3678317"
"512","Bento Sushi","1","1","670 Fort Street, Victoria, BC","48.4248301","-123.366058"
"513","Bq’s Korean Restaurant","0","0","1859 Blanshard St, ","48.4306737","-123.361345"
"514","Mom’s Kitchen","0","0","560 Johnson Street, ","44.044944","-91.64336379999999"
"515","Subway","3","3","1111 Blanshard Street, ","48.424507","-123.362189"
"516","A&W","1","4","3147 Douglas Street, ","48.4447725","-123.3668136"
"517","Pizza Hut","0","0","116-3749 Shelbourne Street,","48.4620207","-123.3323589"
"518","Shahrazad Restaurant","2","2.5","1813 Douglas Street, ","33.521847","-96.6249297"
"519","Jr’s India Curry House","1","1","506 Fort St, ","41.1513148","-96.0617353"
"520","Ribs & Bones","0","0","1813 Douglas St, ","33.521847","-96.6249297"
"521","Romeo’s Place","0","0","603 Gorge Road E, ","48.4392734","-123.3701027"
"522","Vicexpress Teriyaki & Roll","2","1.5","1701 Douglas Street, Victoria, BC","48.4300479","-123.3637239"
"523","Hungry Rooster Food Truck","0","0","814 Wharf Street, Victoria, BC","48.423019","-123.3687608"
"524","Sub Stop","0","0","680 Gorge Road East, Victoria, BC","48.4386726","-123.3678786"
"525","Torrefazione Italia","1","1","1230 Government St, Victoria, BC","48.425978","-123.3679235"
"526","Good Earth Coffee House","10","3.5","3450 Uptown Boulevard, Victoria, BC","48.453759","-123.375102"
"527","A&W","1","1","3335 Douglas Street, Victoria, BC","48.4506643","-123.3736659"
"528","Subway","0","0","1090 Fort Street, Victoria, BC","48.4236076","-123.3542641"
"529","Market Square","0","0","523 Pandora Avenue, Victoria, BC","48.4284059","-123.3689172"
"530","New York Fries","2","4","3147 Douglas Street, Victoria, BC","48.4462254","-123.3696272"
"531","Tim Hortons","3","1.5","456A Gorge Rd E, Victoria, BC","48.4411271","-123.3734049"
"532","Pizza On Fort","0","0","1885 Fort Street, Victoria, BC","48.431121","-123.326786"
"533","Extra Slice Pizzeria","1","1","642 Yates St, Victoria, BC","48.42659099999999","-123.365676"
"534","Curry Flavour Restaurant","1","1","1150 Douglas Street, Victoria, BC","48.4250925","-123.3669527"
"535","Da Kine Coffee","0","0","1921 Quadra Street, Victoria, BC","48.4313033","-123.3583079"
"536","All Canadian Pizza","0","0","1515 Cook St, Victoria, BC","48.4276017","-123.3528399"
"537","McDonald’s","3","2","1567 Cedar Hill Cross Road, Victoria, BC","48.4609592","-123.3334393"
"538","Sarpino’s Pizzeria","3","2","2950 Douglas St, Victoria, BC","48.4430161","-123.370408"
"539","KFC","3","1.5","3140 Douglas St, Victoria, BC","48.4463724","-123.3719092"
"540","Thibklandia","0","0","723 Pandora Avenue, Victoria","48.4277786","-123.3637625"
"541","Pizazz Pizza","0","0","2510 Estevan Ave, Victoria, BC","48.437763","-123.307936"
"542","Valentino’s Fresh Pasta & More","1","3","1002 Blanshard St, Victoria, BC","48.423651","-123.3629409"
"543","Mayflower Caffe","0","0","990 Blanchard Street, Victoria, BC","48.4234351","-123.3629505"
"544","McDonald’s","5","1.5","3465 Saanich Road, Victoria, BC","48.4542774","-123.3734658"
"545","Marzano Pizza","0","0","456 Gorge Road E, Victoria, BC","48.4411271","-123.3734049"
"546","James Joyce Bistro","0","0","1175 Douglas St, Victoria, BC","48.4251679","-123.3645684"
"547","Tim Hortons","2","2.5","3749 Shelbourne Street, Victoria, BC","48.4618249","-123.3321686"
"548","New York Fries","1","4","1150 Douglas Street, Victoria, BC","48.4250925","-123.3669527"
"549","Edo Japan","0","0","1150 Douglas Street, Victoria, BC","48.4250925","-123.3669527"
"550","Island Wok","3","2","801 Vernon Avenue, Victoria, BC","48.4579753","-123.3753789"
"551","Victoria Pizza Company","0","0","2020 Douglas St, Victoria, BC","48.4324137","-123.3649326"
"552","Orchard On View Marketplace","1","5","1150 Douglas St, Victoria, BC","48.4250925","-123.3669527"
"553","Kyoto Cafe Japanese Restaurant","0","0","2583 Cadboro Bay Rd, Victoria, BC","48.4377968","-123.3125279"
"554","Heart of Asia","1","1","1640 Cedar Hill Road, Victoria, BC","48.4339311","-123.3481691"
"555","Villages Pizza","0","0","475 Simcoe Street, Victoria, BC","48.4151844","-123.3748757"
"556","Mazouna Moroccan Bazaar","0","0","715 Douglas Street, Victoria, BC","48.4207141","-123.3663267"
"557","Caravana’s","0","0","5984 Jutland Road, Victoria, BC","48.4441582","-123.3738662"
"558","Colonial Cafe","0","0","270 Government Street, Victoria, BC","48.4153329","-123.3693644"
"559","Quizno’s Classic Subs","1","2","2950 Douglas St, Victoria, BC","48.4430161","-123.370408"
"560","The Baked Potato","1","4","552 Johnson Street, Victoria","48.427904","-123.368663"
"561","Bravo Pizza","3","2","3666 Saanich Road, Victoria, BC","48.4573642","-123.3695456"
"562","Sanuk","0","0","625 Courtney St, Victoria, BC","48.4232401","-123.3668687"
"563","Shag’s Fish & Chips","0","0","2656 Quadra St, Victoria, BC","48.4390886","-123.3593377"
"564","Julia’s Place the Restaurant","0","0","609 Courtney St, Victoria, BC","48.423373","-123.3676991"
"565","Canadian King Pizza","3","3","3892 Carey Rd, Saanich, BC","48.4627889","-123.3856653"
"566","Kallings Steak & Seafood House","0","0","229 Gorge Road E, Victoria, BC","48.44252849999999","-123.3825241"
"567","The Tombo Japanese Restaurant","0","0","1692 Douglas St, Victoria, BC","48.429105","-123.3648659"
"568","Lifestyles Travel","0","0","1845 Fort St, Victoria, BC","48.4296422","-123.3292807"
"569","Curry Point","0","0","3147 Douglas Street, Victoria, BC","48.4462254","-123.3696272"
"570","Fairfield Bakery & Delicatessen","0","0","1516 Fairfield Rd, Victoria, BC","48.4130212","-123.3380652"
"571","Mrs Vanelli’s Pizza & Italian Foods","3","1.5","3147 Douglas St, Victoria, BC","48.4462254","-123.3696272"
"572","Villages Pizza","1","1","3749 Shelbourne St, Victoria, BC","48.4618249","-123.3321686"
"573","Montreal subs","0","0","2950 Douglas Street, Victoria, BC","48.4430161","-123.370408"
"574","Fin and Pearl","0","0","3587 Blanshard St, Victoria, BC","48.4567126","-123.3765561"
"575","KFC","0","0","3147 Douglas Street, Victoria, BC","48.4462254","-123.3696272"
"576","McDonald’s","0","0","3601 Douglas Street, Victoria, BC","48.4529659","-123.3754597"
"577","Macan’s Pub & Restaurant","0","0","1110 Beach Drive, Victoria, BC","48.411432","-123.302698"
"578","The Blue Carrot Cafe","0","0","18B Bastion Sq, Victoria, BC","48.42587899999999","-123.3694108"
"579","Cafe Casa Nova","0","0","727A Johnson St, Victoria, BC","48.4269786","-123.3634888"
"580","The Victorian Restaurant","0","0","45 Songhees Rd, Victoria, BC","48.4270524","-123.3747519"
"581","Estevan Restaurant","0","0","2664 Heron St, Victoria, BC","48.4385938","-123.3051516"
"582","Whale Town Coffee","0","0","602 Broughton St, Victoria","48.42433339999999","-123.367646"
"583","Naanwich","0","0","1310 Douglas St, Victoria","48.42671199999999","-123.3652026"
"584","Sushi Rock Cafe","0","0","1600 Government St, Victoria, BC","48.4287959","-123.367274"
"585","Gladiola Bakery & Restaurant","0","0","622 Fisgard St, Victoria, BC","48.42952589999999","-123.3661066"
"586","Minato Express Sushi","0","0","1109 McKenzie St, Victoria, BC","48.414662","-123.3557001"
"587","Shogun Restaurant","0","0","1644 Hillside Ave, Victoria, BC","48.4461325","-123.3358263"
"588","Subway","1","3","3400 Douglas Street, Victoria, BC","48.4531395","-123.3763089"
"589","BiblioCafé","0","0","3800 Finnerty Road, Victoria, BC","48.4660541","-123.3098918"
"590","Koya Japan","0","0","3147 Douglas St, Victoria, BC","48.4462254","-123.3696272"
"591","Nile River Restaurant","0","0","1483 Douglas St, Victoria, BC","48.4276267","-123.3642942"
"592","Michael J Hudsons","0","0","856 Darwin Avenue, Victoria, BC","48.4584487","-123.3718671"
"593","Quality Cartridge Recycling","0","0","2717 Rock Bay Ave, Victoria, BC","48.4382654","-123.3698549"
"594","Jordan Bruce","0","0","837 Burdett Ave, Victoria, BC","48.421573","-123.3618"
"595","Le DO Karaoke Restaurant","0","0","2706 Government St, Victoria, BC","48.4387558","-123.3677877"
"596","The Cellular Store","0","0","766 Hillside Ave, Victoria, BC","48.43892140000001","-123.3643462"
"597","P E S Professional Ecological Services","2","5","98 Burnside Rd W, Victoria, BC","48.4507779","-123.3865237"
"598","Creative Distribution Corporation","0","0","2616 Bridge St, Victoria, BC","48.43657","-123.3733069"
"599","Shelbourne Plaza","0","0","3613 Shelbourne St, Saanich, BC","48.4598344","-123.3323728"
"600","Bagga Pasta Cafe Deli","0","0","626 Esquimalt Rd, Victoria, BC","48.4311708","-123.3895719"
"601","Among Friends Restaurant","0","0","2540 Windsor Rd, Victoria, BC","48.423446","-123.3070351"
"602","Vintage Wine Bar & Grill","0","0","2915 Douglas St, Victoria, BC","48.4420688","-123.3682455"
"603","Petro-Canada","0","0","3477 Quadra Street, Victoria, BC","48.455406","-123.3588966"
"604","Impressions Restaurant","0","0","345 Quebec St, Victoria, BC","48.4211298","-123.3758512"
"605","Jin Luen Restaurant","0","0","3690 Shelbourne St, Victoria, BC","48.46001880000001","-123.3332933"
